T_e,Volume,E_F,N_Ef,gamma,C_e,v_F,tau_e,k_e,k_lat,lambda,Log10_Ge,Composition
100,59.6,28.981,0.929,0.567,8.015758,2.396,16.113,0.02321,6.742913,2.2634,-5.751473,AlCrFeCoNi
200,59.61,28.982,0.93,0.569,16.026932,2.471,18.603,0.154747,3.361189,0.9802,-9.457885,AlCrFeCoNi
300,59.63,28.983,0.931,0.568,24.030523,2.573,16.346,0.285066,2.245305,0.7437,-13.033218,AlCrFeCoNi
400,59.66,28.983,0.931,0.566,32.026321,2.541,13.579,0.335095,1.690344,0.6714,-16.600629,AlCrFeCoNi
500,59.68,28.983,0.931,0.565,40.014133,2.534,11.182,0.350883,1.357377,0.6523,-20.154063,AlCrFeCoNi
600,59.7,28.983,0.931,0.564,47.993601,2.557,9.354,0.359572,1.135094,0.6498,-23.703815,AlCrFeCoNi
700,59.73,28.982,0.93,0.562,55.96443,2.55,7.979,0.354332,0.976095,0.6529,-27.254287,AlCrFeCoNi
800,59.76,28.982,0.93,0.561,63.926469,2.575,6.919,0.355411,0.85675,0.6588,-30.80573,AlCrFeCoNi
900,59.78,28.982,0.93,0.56,71.879738,2.584,6.078,0.350028,0.7639,0.6667,-34.357604,AlCrFeCoNi
1000,59.81,28.982,0.93,0.559,79.824368,2.569,5.389,0.336702,0.689587,0.6767,-37.909316,AlCrFeCoNi
3000,60.31,28.971,0.919,0.559,237.123041,2.71,1.407,0.235022,0.230511,0.8639,-41.447806,AlCrFeCoNi
6000,61.08,28.95,0.9,0.559,468.151558,2.878,0.744,0.291013,0.115739,0.8172,-45.048023,AlCrFeCoNi
9000,61.84,28.938,0.888,0.559,693.106482,3.003,0.536,0.362554,0.077479,0.7553,-48.647699,AlCrFeCoNi
12000,62.6,28.933,0.884,0.559,911.405036,3.111,0.425,0.425637,0.058347,0.714,-52.249289,AlCrFeCoNi
15000,63.36,28.93,0.882,0.559,1120.521941,3.208,0.356,0.482643,0.046866,0.683,-55.86229,AlCrFeCoNi
18000,64.12,28.926,0.878,0.559,1314.107459,3.298,0.307,0.530319,0.039211,0.6598,-59.486821,AlCrFeCoNi
21000,64.88,28.919,0.872,0.559,1484.376914,3.371,0.27,0.561276,0.033742,0.6432,-63.121694,AlCrFeCoNi
24000,65.65,28.91,0.864,0.559,1625.374988,2.333,0.24,0.266547,0.029639,0.631,-66.767158,AlCrFeCoNi
27000,66.41,28.9,0.856,0.559,1734.403747,2.321,0.217,0.257487,0.026448,0.6208,-70.424182,AlCrFeCoNi
30000,67.17,28.89,0.849,0.559,1811.810013,2.494,0.198,0.286804,0.023893,0.6114,-74.093106,AlCrFeCoNi
100,69.56,22.015,1.663,0.639,5.206203,1.25,51.366,0.047595,1.836971,0.71,-5.894235,Co-0.05_Xx3-0.95
200,69.6,22.014,1.663,0.66,10.405629,1.259,27.019,0.052928,0.872643,0.6749,-9.652476,Co-0.05_Xx3-0.95
300,69.66,22.014,1.663,0.665,15.596146,1.283,19.096,0.06104,0.57475,0.6366,-13.379883,Co-0.05_Xx3-0.95
400,69.72,22.013,1.663,0.666,20.777833,1.293,15.117,0.068155,0.429663,0.6031,-17.095382,Co-0.05_Xx3-0.95
500,69.79,22.013,1.664,0.666,25.950874,1.3,12.5,0.072891,0.344406,0.5835,-20.799498,Co-0.05_Xx3-0.95
600,69.85,22.012,1.664,0.663,31.115587,1.302,10.632,0.075662,0.288823,0.5717,-24.497435,Co-0.05_Xx3-0.95
700,69.91,22.012,1.664,0.659,36.272436,1.322,9.252,0.080033,0.250142,0.5631,-28.193041,Co-0.05_Xx3-0.95
800,69.97,22.012,1.664,0.654,41.421985,1.328,8.195,0.082371,0.221946,0.5563,-31.887621,Co-0.05_Xx3-0.95
900,70.03,22.011,1.664,0.647,46.56485,1.339,7.355,0.085113,0.200727,0.5509,-35.581565,Co-0.05_Xx3-0.95
1000,70.08,22.011,1.664,0.639,51.701637,1.342,6.665,0.086361,0.184218,0.5472,-39.274635,Co-0.05_Xx3-0.95
3000,71.17,22.015,1.662,0.639,152.739979,2.118,2.168,0.203318,0.061722,0.5607,-42.929126,Co-0.05_Xx3-0.95
6000,72.8,22.021,1.66,0.639,298.847779,1.882,1.124,0.167202,0.031095,0.5405,-46.657927,Co-0.05_Xx3-0.95
9000,74.43,22.013,1.664,0.639,441.308012,1.823,0.777,0.164123,0.020883,0.5213,-50.453151,Co-0.05_Xx3-0.95
12000,76.06,22.008,1.666,0.639,581.166871,1.882,0.6,0.181412,0.015776,0.5064,-54.278015,Co-0.05_Xx3-0.95
15000,77.69,22.017,1.661,0.639,716.16152,1.975,0.493,0.205661,0.01271,0.4932,-58.119474,Co-0.05_Xx3-0.95
18000,79.32,22.038,1.652,0.639,840.17879,2.068,0.423,0.231605,0.010665,0.4788,-61.975552,Co-0.05_Xx3-0.95
21000,80.94,22.07,1.642,0.639,945.537386,2.158,0.374,0.256678,0.009204,0.4632,-65.845653,Co-0.05_Xx3-0.95
24000,82.57,22.111,1.627,0.639,1026.380263,1.615,0.339,0.144748,0.008107,0.447,-69.728238,Co-0.05_Xx3-0.95
27000,84.2,22.158,1.603,0.639,1080.337489,1.939,0.313,0.207221,0.007253,0.4305,-73.621911,Co-0.05_Xx3-0.95
30000,85.83,22.211,1.579,0.639,1108.300714,2.124,0.293,0.244326,0.00657,0.4139,-77.529234,Co-0.05_Xx3-0.95
100,69.64,22.022,1.663,0.649,5.199343,1.688,49.768,0.081878,1.753203,0.7328,-5.865629,Co-0.0_Xx3-1.0
200,69.68,22.022,1.663,0.667,10.392033,1.806,25.372,0.097065,0.837161,0.7187,-9.626017,Co-0.0_Xx3-1.0
300,69.74,22.021,1.663,0.671,15.575882,1.794,19.048,0.118637,0.553059,0.6382,-13.37809,Co-0.0_Xx3-1.0
400,69.8,22.02,1.664,0.671,20.750866,1.813,15.241,0.135679,0.414685,0.5982,-17.099285,Co-0.0_Xx3-1.0
500,69.86,22.02,1.664,0.669,25.917281,1.798,12.509,0.139334,0.333465,0.5831,-20.801242,Co-0.0_Xx3-1.0
600,69.93,22.02,1.664,0.665,31.075572,1.795,10.56,0.142043,0.280601,0.5756,-24.496808,Co-0.0_Xx3-1.0
700,69.99,22.019,1.665,0.66,36.226274,1.809,9.145,0.146619,0.243866,0.5697,-28.191091,Co-0.0_Xx3-1.0
800,70.04,22.019,1.665,0.653,41.369995,1.809,8.075,0.148946,0.217152,0.5645,-31.885161,Co-0.0_Xx3-1.0
900,70.1,22.019,1.665,0.645,46.507374,1.812,7.228,0.151033,0.197107,0.5606,-35.578716,Co-0.0_Xx3-1.0
1000,70.15,22.019,1.665,0.636,51.639048,1.794,6.53,0.148916,0.181413,0.5585,-39.271407,Co-0.0_Xx3-1.0
3000,71.2,22.024,1.661,0.636,152.639494,1.928,2.099,0.159205,0.060771,0.5791,-42.929031,Co-0.0_Xx3-1.0
6000,72.78,22.031,1.657,0.636,298.835574,1.874,1.103,0.160467,0.030608,0.551,-46.660342,Co-0.0_Xx3-1.0
9000,74.35,22.023,1.662,0.636,441.461618,1.798,0.767,0.156201,0.020551,0.5283,-50.455002,Co-0.0_Xx3-1.0
12000,75.93,22.018,1.665,0.636,581.581123,1.807,0.592,0.16386,0.015522,0.5127,-54.278009,Co-0.0_Xx3-1.0
15000,77.5,22.026,1.66,0.636,716.992111,1.874,0.487,0.181796,0.012503,0.499,-58.116935,Co-0.0_Xx3-1.0
18000,79.08,22.046,1.648,0.636,841.671236,1.953,0.418,0.203155,0.010489,0.4842,-61.969626,Co-0.0_Xx3-1.0
21000,80.65,22.076,1.636,0.636,947.994033,2.027,0.371,0.223309,0.00905,0.4681,-65.836323,Co-0.0_Xx3-1.0
24000,82.23,22.114,1.625,0.636,1030.08204,1.732,0.336,0.164363,0.00797,0.4515,-69.716391,Co-0.0_Xx3-1.0
27000,83.8,22.16,1.607,0.636,1085.475596,1.827,0.31,0.181997,0.007129,0.4346,-73.607869,Co-0.0_Xx3-1.0
30000,85.37,22.21,1.58,0.636,1114.944927,1.986,0.29,0.211736,0.006456,0.4177,-77.510147,Co-0.0_Xx3-1.0
100,69.41,21.981,1.677,0.57,5.219947,1.384,40.209,0.036832,2.336198,0.907,-5.855433,Co-0.15_Xx3-0.85
200,69.45,21.982,1.677,0.591,10.433298,1.364,29.265,0.071926,1.110341,0.6231,-9.727267,Co-0.15_Xx3-0.85
300,69.51,21.982,1.676,0.596,15.638077,1.336,20.479,0.075047,0.731924,0.5936,-13.441195,Co-0.15_Xx3-0.85
400,69.56,21.983,1.676,0.598,20.834318,1.352,15.445,0.077583,0.546922,0.5903,-17.130669,Co-0.15_Xx3-0.85
500,69.62,21.983,1.676,0.598,26.022285,1.359,12.445,0.079266,0.437434,0.5861,-20.819353,Co-0.15_Xx3-0.85
600,69.68,21.983,1.676,0.597,31.202294,1.357,10.472,0.080294,0.365346,0.5804,-24.509091,Co-0.15_Xx3-0.85
700,69.73,21.983,1.676,0.595,36.374651,1.342,9.08,0.0801,0.31451,0.5738,-28.199845,Co-0.15_Xx3-0.85
800,69.79,21.983,1.676,0.593,41.53966,1.349,8.038,0.082441,0.276976,0.5671,-31.891119,Co-0.15_Xx3-0.85
900,69.84,21.983,1.676,0.59,46.697624,1.341,7.223,0.082912,0.24823,0.561,-35.582379,Co-0.15_Xx3-0.85
1000,69.9,21.983,1.676,0.586,51.848857,1.353,6.563,0.08583,0.225519,0.5557,-39.273439,Co-0.15_Xx3-0.85
3000,70.97,21.987,1.675,0.586,153.168953,2.046,2.246,0.202009,0.075555,0.5412,-42.930194,Co-0.15_Xx3-0.85
6000,72.57,21.991,1.673,0.586,299.881085,1.817,1.134,0.15873,0.03806,0.5357,-46.651875,Co-0.15_Xx3-0.85
9000,74.18,21.981,1.677,0.586,443.267023,1.802,0.776,0.160799,0.025559,0.5217,-50.445114,Co-0.15_Xx3-0.85
12000,75.79,21.978,1.678,0.586,584.281192,1.874,0.599,0.180354,0.019307,0.5071,-54.268438,Co-0.15_Xx3-0.85
15000,77.39,21.989,1.674,0.586,720.478862,1.974,0.492,0.206401,0.015554,0.4938,-58.107805,Co-0.15_Xx3-0.85
18000,79.0,22.014,1.664,0.586,845.449224,2.073,0.422,0.233554,0.013051,0.4794,-61.960926,Co-0.15_Xx3-0.85
21000,80.61,22.05,1.648,0.586,951.233539,2.164,0.374,0.258894,0.011262,0.464,-65.826014,Co-0.15_Xx3-0.85
24000,82.21,22.094,1.624,0.586,1031.849305,1.607,0.339,0.143441,0.009919,0.448,-69.702321,Co-0.15_Xx3-0.85
27000,83.82,22.145,1.603,0.586,1084.970765,1.92,0.312,0.203256,0.008874,0.4316,-73.592745,Co-0.15_Xx3-0.85
30000,85.43,22.202,1.6,0.586,1111.645448,2.085,0.292,0.235028,0.008037,0.4152,-77.50162,Co-0.15_Xx3-0.85
100,69.48,21.998,1.669,0.609,5.21391,1.254,36.155,0.024472,2.0464,1.0087,-5.846778,Co-0.1_Xx3-0.9
200,69.53,21.998,1.669,0.629,10.421223,1.29,21.544,0.036548,0.974254,0.8464,-9.601496,Co-0.1_Xx3-0.9
300,69.58,21.998,1.669,0.633,15.619567,1.271,17.214,0.049709,0.64296,0.7062,-13.364389,Co-0.1_Xx3-0.9
400,69.64,21.999,1.669,0.634,20.808989,1.295,14.315,0.062105,0.481269,0.6369,-17.093368,Co-0.1_Xx3-0.9
500,69.7,21.999,1.669,0.633,25.989859,1.297,12.1,0.068687,0.385879,0.6028,-20.801836,Co-0.1_Xx3-0.9
600,69.76,21.999,1.669,0.631,31.162637,1.308,10.395,0.073513,0.323356,0.5847,-24.500513,Co-0.1_Xx3-0.9
700,69.82,21.999,1.669,0.628,36.327794,1.321,9.081,0.077511,0.27954,0.5737,-28.195122,Co-0.1_Xx3-0.9
800,69.87,21.999,1.669,0.624,41.48579,1.338,8.057,0.081346,0.247361,0.5658,-31.888307,Co-0.1_Xx3-0.9
900,69.93,21.999,1.669,0.618,46.637079,1.342,7.242,0.083323,0.22292,0.5595,-35.580987,Co-0.1_Xx3-0.9
1000,69.99,21.998,1.669,0.612,51.782099,1.349,6.577,0.085465,0.203679,0.5545,-39.273244,Co-0.1_Xx3-0.9
3000,71.06,22.002,1.668,0.612,152.994028,2.085,2.2,0.202421,0.068238,0.5524,-42.929469,Co-0.1_Xx3-0.9
6000,72.66,22.007,1.666,0.612,299.48113,1.846,1.126,0.161531,0.034374,0.5397,-46.654166,Co-0.1_Xx3-0.9
9000,74.27,21.998,1.669,0.612,442.518757,1.811,0.774,0.161538,0.023084,0.5231,-50.447958,Co-0.1_Xx3-0.9
12000,75.88,21.994,1.671,0.612,583.106134,1.878,0.597,0.179947,0.017437,0.5084,-54.271543,Co-0.1_Xx3-0.9
15000,77.48,22.004,1.667,0.612,718.884995,1.974,0.491,0.204975,0.014047,0.4952,-58.111469,Co-0.1_Xx3-0.9
18000,79.09,22.027,1.659,0.612,843.585949,2.071,0.421,0.2315,0.011786,0.4808,-61.965678,Co-0.1_Xx3-0.9
21000,80.7,22.061,1.647,0.612,949.376663,2.16,0.373,0.256327,0.010171,0.4653,-65.832798,Co-0.1_Xx3-0.9
24000,82.31,22.103,1.626,0.612,1030.322237,1.609,0.338,0.143062,0.008958,0.4491,-69.711259,Co-0.1_Xx3-0.9
27000,83.91,22.152,1.601,0.612,1084.060565,1.928,0.312,0.204,0.008014,0.4327,-73.601408,Co-0.1_Xx3-0.9
30000,85.52,22.207,1.586,0.612,1111.550701,2.105,0.292,0.238645,0.007258,0.4161,-77.50804,Co-0.1_Xx3-0.9
100,70.4,21.292,2.874,2.154,4.981984,1.916,52.444,0.111255,0.163712,0.6954,-5.823717,Co
200,70.49,21.292,2.873,1.983,9.949379,1.91,29.378,0.135279,0.098004,0.6207,-9.586962,Co
300,70.59,21.292,2.872,1.719,14.903087,1.912,21.227,0.155891,0.089256,0.5727,-13.322052,Co
400,70.66,21.292,2.87,1.496,19.847744,1.914,17.112,0.176447,0.09075,0.5328,-17.051759,Co
500,70.72,21.291,2.867,1.318,24.78579,1.918,14.466,0.19436,0.095734,0.5042,-20.774094,Co
600,70.77,21.29,2.864,1.175,29.718487,1.92,12.579,0.208875,0.102202,0.4832,-24.491807,Co
700,70.8,21.29,2.861,1.06,34.646595,1.917,11.149,0.219852,0.109281,0.4673,-28.206987,Co
800,70.83,21.289,2.858,0.964,39.570664,1.912,10.019,0.228263,0.116474,0.455,-31.920794,Co
900,70.86,21.289,2.855,0.884,44.491143,1.907,9.1,0.235055,0.123454,0.4453,-35.633869,Co
1000,70.88,21.288,2.851,0.819,49.40844,1.902,8.338,0.240387,0.12902,0.4374,-39.346662,Co
3000,71.29,21.264,2.734,0.819,147.106007,2.48,3.303,0.532272,0.04309,0.368,-43.253133,Co
6000,71.91,21.232,2.597,0.819,294.067352,2.702,1.885,0.771528,0.021607,0.3224,-47.139319,Co
9000,72.53,21.229,2.585,0.819,440.729923,2.937,1.326,0.986651,0.014446,0.3054,-50.970946,Co
12000,73.15,21.254,2.688,0.819,569.83887,3.178,1.002,1.132505,0.010865,0.3031,-54.795719,Co
15000,73.77,21.301,2.92,0.819,659.129398,3.417,0.796,1.198771,0.008717,0.3053,-58.632067,Co
18000,74.39,21.365,3.292,0.819,701.92028,3.651,0.661,1.207369,0.007284,0.3065,-62.485623,Co
21000,75.01,21.44,3.712,0.819,706.379293,3.88,0.568,1.182222,0.006261,0.3054,-66.342751,Co
24000,75.63,21.523,3.813,0.819,685.926068,1.767,0.503,0.21177,0.005493,0.3021,-70.163764,Co
27000,76.25,21.613,3.08,0.819,652.599376,1.936,0.454,0.220314,0.004896,0.297,-73.884819,Co
30000,76.87,21.707,1.719,0.819,614.762508,2.233,0.418,0.25635,0.004419,0.2903,-77.45061,Co
100,69.62,21.523,2.028,0.52,5.092238,2.816,144.263,1.237617,2.246624,0.2528,-6.354842,Cr-0.05_Xx3-0.95
200,69.66,21.522,2.027,0.541,10.178637,2.84,67.163,1.136672,1.071136,0.2715,-10.013755,Cr-0.05_Xx3-0.95
300,69.71,21.521,2.024,0.546,15.256654,2.813,42.804,1.044792,0.705399,0.284,-13.684241,Cr-0.05_Xx3-0.95
400,69.77,21.52,2.023,0.549,20.325505,2.818,30.864,0.989755,0.526473,0.2954,-17.354381,Cr-0.05_Xx3-0.95
500,69.83,21.519,2.021,0.549,25.384806,2.782,24.329,0.942894,0.420588,0.2998,-21.032664,Cr-0.05_Xx3-0.95
600,69.88,21.518,2.02,0.549,30.434317,2.784,20.16,0.935715,0.350909,0.3015,-24.713369,Cr-0.05_Xx3-0.95
700,69.94,21.518,2.019,0.548,35.473912,2.754,17.2,0.908965,0.301809,0.3029,-28.393956,Cr-0.05_Xx3-0.95
800,70.0,21.518,2.019,0.545,40.50365,2.744,14.98,0.895192,0.265562,0.3043,-32.074798,Cr-0.05_Xx3-0.95
900,70.05,21.517,2.018,0.542,45.523801,2.773,13.255,0.907498,0.237841,0.3057,-35.756443,Cr-0.05_Xx3-0.95
1000,70.11,21.517,2.018,0.539,50.534832,2.774,11.871,0.900649,0.215983,0.3072,-39.439069,Cr-0.05_Xx3-0.95
3000,71.17,21.505,1.996,0.539,149.123376,1.578,3.655,0.254777,0.072358,0.3326,-43.088278,Cr-0.05_Xx3-0.95
6000,72.78,21.482,1.955,0.539,293.850446,1.729,1.779,0.289372,0.036449,0.3416,-46.879501,Cr-0.05_Xx3-0.95
9000,74.38,21.483,1.956,0.539,437.177649,1.801,1.203,0.318454,0.024476,0.3366,-50.706602,Cr-0.05_Xx3-0.95
12000,75.98,21.506,1.997,0.539,579.240475,1.885,0.92,0.356866,0.018488,0.3301,-54.553063,Cr-0.05_Xx3-0.95
15000,77.58,21.548,2.077,0.539,716.038585,1.992,0.745,0.401339,0.014894,0.3261,-58.415328,Cr-0.05_Xx3-0.95
18000,79.19,21.605,2.199,0.539,838.718818,2.106,0.628,0.445462,0.012496,0.3223,-62.295478,Cr-0.05_Xx3-0.95
21000,80.79,21.672,2.423,0.539,937.56519,2.207,0.547,0.479339,0.010783,0.3174,-66.205083,Cr-0.05_Xx3-0.95
24000,82.39,21.748,2.832,0.539,1006.489913,2.223,0.488,0.470079,0.009497,0.3114,-70.152431,Cr-0.05_Xx3-0.95
27000,83.99,21.831,3.236,0.539,1044.452244,1.608,0.444,0.234736,0.008496,0.3043,-74.103279,Cr-0.05_Xx3-0.95
30000,85.6,21.917,3.212,0.539,1054.399591,1.468,0.41,0.184656,0.007695,0.2965,-78.005996,Cr-0.05_Xx3-0.95
100,69.92,21.335,2.295,0.529,5.019091,1.64,82.306,0.177876,2.142706,0.4431,-6.059949,Cr-0.0_Xx3-1.0
200,69.96,21.335,2.295,0.551,10.031609,1.631,42.191,0.183062,1.01787,0.4322,-9.770461,Cr-0.0_Xx3-1.0
300,70.02,21.336,2.297,0.556,15.034196,1.608,29.621,0.193063,0.66974,0.4104,-13.485444,Cr-0.0_Xx3-1.0
400,70.08,21.337,2.3,0.558,20.026051,1.59,24.114,0.214151,0.49982,0.3781,-17.209748,Cr-0.0_Xx3-1.0
500,70.14,21.338,2.303,0.559,25.007111,1.565,20.668,0.230601,0.399548,0.3529,-20.927055,Cr-0.0_Xx3-1.0
600,70.19,21.339,2.305,0.558,29.977598,1.537,18.09,0.239165,0.333821,0.336,-24.635714,Cr-0.0_Xx3-1.0
700,70.25,21.339,2.306,0.556,34.937846,1.535,16.011,0.250207,0.287715,0.3254,-28.337599,Cr-0.0_Xx3-1.0
800,70.31,21.339,2.306,0.552,39.888317,1.521,14.299,0.252965,0.253828,0.3188,-32.035403,Cr-0.0_Xx3-1.0
900,70.37,21.339,2.305,0.548,44.829607,1.51,12.88,0.253801,0.22809,0.3146,-35.731254,Cr-0.0_Xx3-1.0
1000,70.42,21.338,2.305,0.543,49.762435,1.504,11.689,0.254623,0.207869,0.312,-39.426296,Cr-0.0_Xx3-1.0
3000,71.5,21.321,2.256,0.543,146.952087,1.476,4.044,0.254985,0.069641,0.3006,-43.170675,Cr-0.0_Xx3-1.0
6000,73.11,21.299,2.202,0.543,290.122537,1.606,2.095,0.31374,0.03508,0.2901,-47.008431,Cr-0.0_Xx3-1.0
9000,74.72,21.308,2.224,0.543,432.324023,1.664,1.433,0.347347,0.023558,0.2827,-50.853144,Cr-0.0_Xx3-1.0
12000,76.34,21.341,2.312,0.543,574.033477,1.757,1.096,0.39693,0.017794,0.2771,-54.71373,Cr-0.0_Xx3-1.0
15000,77.95,21.392,2.504,0.543,713.391553,1.858,0.884,0.446684,0.014335,0.2748,-58.597453,Cr-0.0_Xx3-1.0
18000,79.57,21.458,2.862,0.543,844.739654,1.959,0.741,0.494083,0.012028,0.2732,-62.51375,Cr-0.0_Xx3-1.0
21000,81.18,21.534,3.274,0.543,959.727153,2.044,0.641,0.530923,0.010379,0.2706,-66.44192,Cr-0.0_Xx3-1.0
24000,82.79,21.618,3.338,0.543,1050.780191,1.431,0.569,0.254198,0.009141,0.2669,-70.332436,Cr-0.0_Xx3-1.0
27000,84.41,21.707,2.734,0.543,1113.690091,1.417,0.515,0.240727,0.008178,0.2621,-74.140554,Cr-0.0_Xx3-1.0
30000,86.02,21.801,1.685,0.543,1148.103783,1.389,0.473,0.221124,0.007407,0.2564,-77.838627,Cr-0.0_Xx3-1.0
100,69.3,21.779,1.717,0.531,5.194161,2.374,31.136,0.06442,2.456735,1.1713,-5.763903,Cr-0.15_Xx3-0.85
200,69.34,21.78,1.717,0.551,10.382111,2.35,27.135,0.185437,1.172566,0.672,-9.708693,Cr-0.15_Xx3-0.85
300,69.39,21.78,1.717,0.558,15.561657,2.342,22.083,0.261392,0.76983,0.5505,-13.488011,Cr-0.15_Xx3-0.85
400,69.45,21.779,1.717,0.562,20.73262,2.303,18.411,0.301822,0.572138,0.4952,-17.218634,Cr-0.15_Xx3-0.85
500,69.5,21.779,1.717,0.564,25.894835,2.299,15.757,0.335991,0.454943,0.4629,-20.92932,Cr-0.15_Xx3-0.85
600,69.56,21.778,1.717,0.566,31.048167,2.271,13.711,0.351226,0.377739,0.4433,-24.628503,Cr-0.15_Xx3-0.85
700,69.62,21.778,1.717,0.567,36.19255,2.303,12.079,0.377151,0.323345,0.4313,-28.320422,Cr-0.15_Xx3-0.85
800,69.68,21.777,1.717,0.567,41.328026,2.275,10.754,0.378076,0.283175,0.4239,-32.007743,Cr-0.15_Xx3-0.85
900,69.73,21.777,1.717,0.565,46.45474,2.267,9.664,0.381898,0.252549,0.4193,-35.692279,Cr-0.15_Xx3-0.85
1000,69.79,21.777,1.717,0.563,51.572931,2.27,8.76,0.386809,0.228467,0.4163,-39.375397,Cr-0.15_Xx3-0.85
3000,70.9,21.773,1.716,0.563,152.099477,1.676,2.886,0.20345,0.076557,0.4212,-42.986045,Cr-0.15_Xx3-0.85
6000,72.56,21.758,1.717,0.563,298.419498,1.746,1.335,0.19112,0.038575,0.4553,-46.717086,Cr-0.15_Xx3-0.85
9000,74.22,21.749,1.718,0.563,442.272367,1.784,0.895,0.198889,0.025912,0.4527,-50.52341,Cr-0.15_Xx3-0.85
12000,75.88,21.758,1.717,0.563,584.179068,1.872,0.687,0.225292,0.019578,0.4422,-54.354364,Cr-0.15_Xx3-0.85
15000,77.54,21.784,1.717,0.563,720.937119,1.983,0.562,0.258513,0.015776,0.4326,-58.198872,Cr-0.15_Xx3-0.85
18000,79.21,21.825,1.728,0.563,844.904225,2.092,0.479,0.291797,0.01324,0.4226,-62.058898,Cr-0.15_Xx3-0.85
21000,80.87,21.878,1.763,0.563,947.179799,2.191,0.422,0.320687,0.011427,0.4115,-65.937907,Cr-0.15_Xx3-0.85
24000,82.53,21.939,1.837,0.563,1021.657165,1.838,0.38,0.223079,0.010067,0.3996,-69.839688,Cr-0.15_Xx3-0.85
27000,84.19,22.007,1.946,0.563,1066.621286,1.808,0.348,0.210297,0.009008,0.3872,-73.762105,Cr-0.15_Xx3-0.85
30000,85.85,22.08,2.074,0.563,1084.093266,1.769,0.324,0.194159,0.00816,0.3744,-77.700895,Cr-0.15_Xx3-0.85
100,69.41,21.653,1.803,0.509,5.156985,3.005,94.506,0.76386,2.39074,0.3859,-6.18823,Cr-0.1_Xx3-0.9
200,69.45,21.654,1.803,0.527,10.307827,2.808,49.071,0.706516,1.148094,0.3716,-9.911687,Cr-0.1_Xx3-0.9
300,69.5,21.655,1.804,0.531,15.449947,2.797,33.609,0.730497,0.758073,0.3617,-13.615461,Cr-0.1_Xx3-0.9
400,69.55,21.655,1.804,0.533,20.583052,2.79,25.524,0.739854,0.566703,0.3572,-17.308988,Cr-0.1_Xx3-0.9
500,69.6,21.655,1.804,0.533,25.707111,2.731,20.563,0.716025,0.453197,0.3547,-20.996291,Cr-0.1_Xx3-0.9
600,69.66,21.656,1.805,0.532,30.822088,2.72,17.253,0.717362,0.378312,0.3523,-24.681371,Cr-0.1_Xx3-0.9
700,69.71,21.656,1.805,0.531,35.928023,2.719,14.898,0.723814,0.325414,0.3497,-28.3658,Cr-0.1_Xx3-0.9
800,69.76,21.656,1.805,0.529,41.025059,2.715,13.126,0.729119,0.286198,0.3473,-32.049685,Cr-0.1_Xx3-0.9
900,69.81,21.656,1.805,0.526,46.113432,2.702,11.731,0.727335,0.256114,0.3454,-35.732987,Cr-0.1_Xx3-0.9
1000,69.87,21.656,1.805,0.523,51.193438,2.674,10.601,0.716049,0.232307,0.344,-39.415967,Cr-0.1_Xx3-0.9
3000,70.88,21.649,1.799,0.523,151.135057,1.606,3.261,0.224756,0.07781,0.3727,-43.024366,Cr-0.1_Xx3-0.9
6000,72.41,21.629,1.786,0.523,297.553619,1.73,1.516,0.22955,0.039183,0.4007,-46.776821,Cr-0.1_Xx3-0.9
9000,73.94,21.624,1.783,0.523,442.404807,1.79,1.018,0.246305,0.026304,0.3978,-50.588419,Cr-0.1_Xx3-0.9
12000,75.47,21.639,1.792,0.523,585.99197,1.878,0.78,0.278125,0.019863,0.3896,-54.420252,Cr-0.1_Xx3-0.9
15000,77.0,21.672,1.82,0.523,724.687146,1.988,0.634,0.316874,0.015997,0.3829,-58.266257,Cr-0.1_Xx3-0.9
18000,78.52,21.721,1.882,0.523,850.159673,2.098,0.538,0.354417,0.013418,0.3761,-62.130502,Cr-0.1_Xx3-0.9
21000,80.05,21.781,1.983,0.523,952.943023,2.201,0.471,0.387222,0.011576,0.3682,-66.014309,Cr-0.1_Xx3-0.9
24000,81.58,21.849,2.11,0.523,1026.751282,2.058,0.423,0.331578,0.010193,0.3592,-69.914412,Cr-0.1_Xx3-0.9
27000,83.11,21.924,2.33,0.523,1070.045902,1.723,0.386,0.224542,0.009116,0.3494,-73.842942,Cr-0.1_Xx3-0.9
30000,84.63,22.004,2.741,0.523,1085.211663,1.588,0.358,0.182214,0.008255,0.339,-77.811712,Cr-0.1_Xx3-0.9
100,78.4,20.324,0.967,0.427,4.245292,4.556,53.838,0.562,2.288462,0.6774,-6.269958,Cr
200,78.43,20.323,0.966,0.421,8.487347,4.54,34.561,0.863643,1.157222,0.5276,-10.199366,Cr
300,78.47,20.32,0.964,0.42,12.724767,4.414,24.23,0.888031,0.772317,0.5017,-14.026932,Cr
400,78.51,20.318,0.962,0.42,16.956647,4.373,19.21,0.954706,0.579111,0.4746,-17.850231,Cr
500,78.55,20.315,0.96,0.421,21.181891,4.381,16.208,1.044595,0.463148,0.45,-21.67389,Cr
600,78.6,20.313,0.958,0.421,25.399547,4.367,14.007,1.100146,0.385934,0.4339,-25.491712,Cr
700,78.64,20.312,0.957,0.421,29.609034,4.354,12.307,1.136629,0.330904,0.4233,-29.304277,Cr
800,78.69,20.311,0.956,0.42,33.810015,4.353,10.978,1.170502,0.289758,0.4152,-33.113399,Cr
900,78.73,20.309,0.955,0.42,38.002282,4.366,9.923,1.208349,0.257881,0.4083,-36.920045,Cr
1000,78.78,20.308,0.954,0.419,42.185729,4.345,9.062,1.223151,0.232474,0.4024,-40.724339,Cr
3000,79.67,20.285,0.932,0.419,124.050813,3.806,3.092,0.954698,0.077781,0.3929,-44.367205,Cr
6000,81.0,20.23,0.851,0.419,242.494499,3.511,1.42,0.694242,0.039106,0.4276,-47.803439,Cr
9000,82.33,20.174,0.71,0.419,357.221242,3.271,0.848,0.495344,0.026213,0.4768,-51.415957,Cr
12000,83.66,20.134,0.588,0.419,466.268614,3.171,0.578,0.388861,0.019765,0.5241,-55.123713,Cr
15000,85.0,20.104,0.506,0.419,563.571605,3.17,0.44,0.345499,0.015896,0.55,-58.91055,Cr
18000,86.33,20.081,0.457,0.419,642.398417,3.168,0.361,0.320592,0.013315,0.5564,-62.759098,Cr
21000,87.66,20.064,0.431,0.419,699.25152,3.131,0.313,0.297314,0.011472,0.55,-66.653253,Cr
24000,89.0,20.052,0.418,0.419,734.326566,4.282,0.28,0.532516,0.010088,0.5359,-70.580054,Cr
27000,90.33,20.044,0.412,0.419,750.145568,4.238,0.257,0.501363,0.009012,0.5173,-74.530269,Cr
30000,91.66,20.039,0.41,0.419,750.123638,4.129,0.24,0.457675,0.00815,0.4963,-78.498104,Cr
100,69.31,21.943,1.688,0.513,5.224275,1.374,60.966,0.078515,2.797096,0.5982,-6.08838,CrFeCoNi
200,69.35,21.943,1.688,0.538,10.443245,1.378,28.019,0.067938,1.320285,0.6508,-9.744414,CrFeCoNi
300,69.4,21.942,1.688,0.545,15.6546,1.382,19.144,0.071322,0.867166,0.635,-13.433717,CrFeCoNi
400,69.45,21.942,1.688,0.548,20.857952,1.364,14.961,0.074759,0.64556,0.6094,-17.133228,CrFeCoNi
500,69.5,21.942,1.688,0.55,26.053289,1.366,12.445,0.080209,0.514049,0.5861,-20.833155,CrFeCoNi
600,69.56,21.942,1.688,0.551,31.240646,1.357,10.678,0.08317,0.427065,0.5692,-24.529461,CrFeCoNi
700,69.61,21.942,1.688,0.552,36.420078,1.349,9.333,0.084929,0.365448,0.5582,-28.221697,CrFeCoNi
800,69.66,21.943,1.688,0.553,41.591661,1.347,8.272,0.086477,0.319604,0.5511,-31.911001,CrFeCoNi
900,69.72,21.943,1.688,0.552,46.755484,1.343,7.419,0.087289,0.284293,0.5462,-35.598623,CrFeCoNi
1000,69.77,21.943,1.688,0.552,51.911655,1.345,6.722,0.088499,0.256316,0.5425,-39.28542,CrFeCoNi
3000,70.85,21.947,1.686,0.552,153.281556,1.858,2.346,0.179484,0.085877,0.5182,-42.9312,CrFeCoNi
6000,72.47,21.947,1.686,0.552,300.196917,1.699,1.159,0.144263,0.043263,0.5241,-46.651298,CrFeCoNi
9000,74.09,21.937,1.69,0.552,443.996527,1.705,0.787,0.147772,0.029055,0.5144,-50.445823,CrFeCoNi
12000,75.71,21.936,1.691,0.552,585.536374,1.771,0.607,0.165278,0.021949,0.5001,-54.27004,CrFeCoNi
15000,77.33,21.95,1.684,0.552,722.200134,1.87,0.499,0.190187,0.017684,0.4867,-58.108999,CrFeCoNi
18000,78.95,21.978,1.669,0.552,847.294411,1.964,0.428,0.215098,0.014838,0.4727,-61.960105,CrFeCoNi
21000,80.57,22.018,1.647,0.552,952.622473,2.048,0.379,0.237526,0.012805,0.4576,-65.823274,CrFeCoNi
24000,82.19,22.066,1.63,0.552,1032.136404,1.48,0.343,0.124334,0.011279,0.442,-69.700828,CrFeCoNi
27000,83.81,22.122,1.63,0.552,1083.616538,1.744,0.316,0.170839,0.010091,0.4261,-73.596558,CrFeCoNi
30000,85.43,22.182,1.652,0.552,1108.314255,1.879,0.296,0.194021,0.00914,0.4102,-77.511522,CrFeCoNi
100,69.14,21.755,1.91,0.504,5.187905,1.487,97.149,0.196467,2.485004,0.3754,-6.192028,CrFeCoNiCu
200,69.18,21.756,1.911,0.525,10.369354,1.486,62.256,0.284315,1.183953,0.2929,-9.99147,CrFeCoNiCu
300,69.23,21.757,1.912,0.532,15.542031,1.494,45.04,0.322961,0.777462,0.2699,-13.707137,CrFeCoNiCu
400,69.28,21.757,1.913,0.536,20.705461,1.495,34.301,0.330282,0.57819,0.2658,-17.394722,CrFeCoNiCu
500,69.33,21.757,1.913,0.538,25.859465,1.504,26.805,0.322927,0.460045,0.2721,-21.064813,CrFeCoNiCu
600,69.39,21.757,1.913,0.539,31.003895,1.52,21.669,0.315537,0.382142,0.2805,-24.730368,CrFeCoNiCu
700,69.44,21.757,1.913,0.54,36.138595,1.521,18.096,0.303873,0.327175,0.2879,-28.396816,CrFeCoNiCu
800,69.5,21.757,1.913,0.54,41.263505,1.521,15.521,0.295118,0.286485,0.2937,-32.06561,CrFeCoNiCu
900,69.55,21.757,1.913,0.539,46.378735,1.519,13.597,0.28781,0.255362,0.298,-35.737008,CrFeCoNiCu
1000,69.6,21.757,1.913,0.537,51.484575,1.51,12.1,0.279664,0.23084,0.3014,-39.410445,CrFeCoNiCu
3000,70.67,21.747,1.899,0.537,151.871928,1.561,3.549,0.242993,0.077338,0.3425,-43.015788,CrFeCoNiCu
6000,72.27,21.724,1.866,0.537,298.898493,1.587,1.688,0.228961,0.038958,0.36,-46.782716,CrFeCoNiCu
9000,73.87,21.721,1.861,0.537,444.181845,1.655,1.136,0.250325,0.026162,0.3567,-50.5965,CrFeCoNiCu
12000,75.47,21.739,1.886,0.537,587.969301,1.749,0.868,0.28571,0.019762,0.3498,-54.431616,CrFeCoNiCu
15000,77.07,21.775,1.942,0.537,726.403865,1.85,0.704,0.322164,0.015921,0.3452,-58.282572,CrFeCoNiCu
18000,78.67,21.827,2.026,0.537,850.808475,1.951,0.594,0.356829,0.013359,0.3407,-62.150282,CrFeCoNiCu
21000,80.27,21.889,2.15,0.537,951.565193,2.036,0.517,0.381456,0.011527,0.3353,-66.037176,CrFeCoNiCu
24000,81.87,21.961,2.398,0.537,1022.546032,1.481,0.462,0.195682,0.010153,0.3287,-69.958611,CrFeCoNiCu
27000,83.47,22.038,2.821,0.537,1062.570638,1.588,0.42,0.215068,0.009083,0.3212,-73.916363,CrFeCoNiCu
30000,85.07,22.121,3.194,0.537,1074.421874,1.602,0.388,0.207101,0.008227,0.3128,-77.870987,CrFeCoNiCu
100,69.62,21.945,1.682,0.659,5.181228,1.78,60.945,0.130464,1.67603,0.5984,-5.95145,CrMnFeCoNi
200,69.67,21.944,1.683,0.677,10.355975,1.858,27.38,0.117511,0.803168,0.666,-9.657615,CrMnFeCoNi
300,69.73,21.943,1.683,0.68,15.521696,1.879,19.159,0.130952,0.531483,0.6345,-13.38261,CrMnFeCoNi
400,69.79,21.943,1.684,0.679,20.678393,1.882,15.231,0.145554,0.399131,0.5986,-17.101391,CrMnFeCoNi
500,69.86,21.942,1.684,0.677,25.826401,1.887,12.617,0.155321,0.321504,0.5781,-20.80746,CrMnFeCoNi
600,69.92,21.942,1.684,0.672,30.966205,1.883,10.716,0.159745,0.271045,0.5672,-24.505942,CrMnFeCoNi
700,69.98,21.941,1.685,0.666,36.098399,1.872,9.288,0.160731,0.236045,0.5609,-28.200945,CrMnFeCoNi
800,70.04,21.941,1.685,0.658,41.223639,1.875,8.186,0.163079,0.210636,0.5569,-31.89445,CrMnFeCoNi
900,70.09,21.941,1.685,0.649,46.342603,1.879,7.302,0.164723,0.191642,0.5549,-35.586788,CrMnFeCoNi
1000,70.15,21.941,1.685,0.639,51.455956,1.876,6.576,0.164243,0.176749,0.5546,-39.278238,CrMnFeCoNi
3000,71.19,21.946,1.681,0.639,152.097117,1.92,2.094,0.156646,0.059208,0.5805,-42.932147,CrMnFeCoNi
6000,72.77,21.953,1.677,0.639,297.817328,1.864,1.101,0.1577,0.02982,0.5519,-46.665117,CrMnFeCoNi
9000,74.34,21.946,1.682,0.639,440.053079,1.788,0.765,0.153514,0.020022,0.5293,-50.460781,CrMnFeCoNi
12000,75.91,21.941,1.685,0.639,579.843839,1.803,0.591,0.16213,0.015122,0.5137,-54.284342,CrMnFeCoNi
15000,77.48,21.949,1.679,0.639,714.986732,1.87,0.486,0.180103,0.01218,0.4998,-58.123781,CrMnFeCoNi
18000,79.05,21.97,1.668,0.639,839.466885,1.95,0.418,0.201545,0.010219,0.4847,-61.97694,CrMnFeCoNi
21000,80.63,22.001,1.655,0.639,945.655706,2.022,0.37,0.221369,0.008816,0.4685,-65.843504,CrMnFeCoNi
24000,82.2,22.04,1.64,0.639,1027.656775,1.806,0.336,0.178202,0.007764,0.4516,-69.722887,CrMnFeCoNi
27000,83.77,22.087,1.618,0.639,1082.987737,1.836,0.31,0.183546,0.006945,0.4345,-73.61326,CrMnFeCoNi
30000,85.34,22.138,1.59,0.639,1112.39948,1.984,0.291,0.211093,0.00629,0.4174,-77.515307,CrMnFeCoNi
100,69.37,21.948,1.704,0.504,5.224815,1.477,81.17,0.146851,2.767785,0.4493,-6.163935,Fe-0.05_Xx3-0.95
200,69.41,21.948,1.704,0.527,10.444052,1.447,31.718,0.093214,1.31321,0.5749,-9.773052,Fe-0.05_Xx3-0.95
300,69.46,21.948,1.703,0.534,15.655244,1.441,21.025,0.091509,0.863335,0.5782,-13.464689,Fe-0.05_Xx3-0.95
400,69.51,21.949,1.703,0.537,20.858344,1.42,16.14,0.092402,0.642943,0.5649,-17.163924,Fe-0.05_Xx3-0.95
500,69.56,21.949,1.703,0.539,26.053449,1.449,13.144,0.099147,0.51208,0.5549,-20.858865,Fe-0.05_Xx3-0.95
600,69.62,21.949,1.703,0.54,31.24061,1.452,11.126,0.102127,0.425547,0.5463,-24.551262,Fe-0.05_Xx3-0.95
700,69.67,21.95,1.703,0.541,36.41984,1.461,9.684,0.106078,0.364199,0.538,-28.242478,Fe-0.05_Xx3-0.95
800,69.72,21.95,1.702,0.541,41.591154,1.472,8.593,0.110252,0.318608,0.5305,-31.93255,Fe-0.05_Xx3-0.95
900,69.78,21.95,1.702,0.541,46.754603,1.483,7.723,0.113916,0.283477,0.5247,-35.621024,Fe-0.05_Xx3-0.95
1000,69.83,21.95,1.702,0.54,51.910265,1.486,7.009,0.115849,0.25565,0.5203,-39.308339,Fe-0.05_Xx3-0.95
3000,70.9,21.953,1.7,0.54,153.268821,1.863,2.42,0.190234,0.085649,0.5022,-42.942823,Fe-0.05_Xx3-0.95
6000,72.5,21.95,1.702,0.54,300.398785,1.74,1.176,0.155082,0.043145,0.5167,-46.664843,Fe-0.05_Xx3-0.95
9000,74.11,21.94,1.708,0.54,444.684616,1.774,0.796,0.162909,0.028974,0.5091,-50.462979,Fe-0.05_Xx3-0.95
12000,75.71,21.941,1.708,0.54,586.882551,1.866,0.613,0.18684,0.021886,0.4952,-54.289071,Fe-0.05_Xx3-0.95
15000,77.32,21.958,1.697,0.54,724.235869,1.971,0.504,0.215197,0.017632,0.482,-58.12822,Fe-0.05_Xx3-0.95
18000,78.92,21.99,1.679,0.54,849.821715,2.076,0.432,0.244949,0.014794,0.4682,-61.978961,Fe-0.05_Xx3-0.95
21000,80.52,22.033,1.662,0.54,955.239925,2.17,0.383,0.271444,0.012766,0.4534,-65.843211,Fe-0.05_Xx3-0.95
24000,82.13,22.085,1.658,0.54,1034.367653,1.616,0.346,0.150841,0.011244,0.438,-69.724172,Fe-0.05_Xx3-0.95
27000,83.73,22.144,1.676,0.54,1085.043685,1.878,0.319,0.201236,0.010059,0.4224,-73.623603,Fe-0.05_Xx3-0.95
30000,85.34,22.208,1.726,0.54,1108.657933,1.977,0.298,0.217828,0.009111,0.4067,-77.544557,Fe-0.05_Xx3-0.95
100,69.38,21.948,1.707,0.51,5.224094,1.384,46.943,0.0496,2.701411,0.7769,-5.941476,Fe-0.0_Xx3-1.0
200,69.42,21.948,1.707,0.534,10.442698,1.364,32.104,0.084578,1.278752,0.568,-9.773085,Fe-0.0_Xx3-1.0
300,69.47,21.948,1.707,0.54,15.65335,1.366,21.88,0.088032,0.840938,0.5556,-13.47856,Fe-0.0_Xx3-1.0
400,69.52,21.948,1.707,0.542,20.855849,1.374,16.404,0.088986,0.626815,0.5558,-17.169488,Fe-0.0_Xx3-1.0
500,69.57,21.948,1.707,0.544,26.050283,1.368,13.254,0.089655,0.499811,0.5503,-20.861231,Fe-0.0_Xx3-1.0
600,69.63,21.948,1.707,0.545,31.236687,1.356,11.219,0.090363,0.415898,0.5418,-24.553652,Fe-0.0_Xx3-1.0
700,69.68,21.948,1.707,0.545,36.415093,1.353,9.775,0.092403,0.356484,0.533,-28.24543,Fe-0.0_Xx3-1.0
800,69.74,21.949,1.707,0.544,41.585562,1.351,8.678,0.094305,0.312381,0.5253,-31.935813,Fe-0.0_Xx3-1.0
900,69.79,21.949,1.707,0.543,46.748193,1.347,7.803,0.095616,0.278391,0.5193,-35.624537,Fe-0.0_Xx3-1.0
1000,69.84,21.949,1.707,0.542,51.903118,1.356,7.081,0.098218,0.251472,0.515,-39.311787,Fe-0.0_Xx3-1.0
3000,70.91,21.952,1.705,0.542,153.253723,1.786,2.436,0.176659,0.084247,0.4989,-42.943201,Fe-0.0_Xx3-1.0
6000,72.5,21.948,1.707,0.542,300.453546,1.66,1.18,0.141805,0.042437,0.515,-46.666466,Fe-0.0_Xx3-1.0
9000,74.1,21.938,1.713,0.542,444.899583,1.687,0.798,0.148143,0.028497,0.5078,-50.465586,Fe-0.0_Xx3-1.0
12000,75.69,21.94,1.712,0.542,587.319574,1.765,0.615,0.168064,0.021525,0.494,-54.292043,Fe-0.0_Xx3-1.0
15000,77.29,21.958,1.701,0.542,724.916708,1.866,0.505,0.193808,0.01734,0.4808,-58.131193,Fe-0.0_Xx3-1.0
18000,78.88,21.99,1.683,0.542,850.702512,1.963,0.433,0.21998,0.014549,0.467,-61.981916,Fe-0.0_Xx3-1.0
21000,80.48,22.034,1.668,0.542,956.216841,2.046,0.384,0.242538,0.012554,0.4523,-65.84645,Fe-0.0_Xx3-1.0
24000,82.07,22.087,1.669,0.542,1035.31172,1.468,0.347,0.125077,0.011057,0.437,-69.727892,Fe-0.0_Xx3-1.0
27000,83.67,22.146,1.692,0.542,1085.838101,1.716,0.32,0.168825,0.009892,0.4214,-73.628076,Fe-0.0_Xx3-1.0
30000,85.26,22.211,1.752,0.542,1109.221317,1.828,0.299,0.18683,0.008959,0.4058,-77.550715,Fe-0.0_Xx3-1.0
100,69.34,21.948,1.696,0.508,5.226489,1.318,39.363,0.032099,2.802267,0.9265,-5.890273,Fe-0.15_Xx3-0.85
200,69.38,21.948,1.696,0.532,10.447303,1.393,25.312,0.057826,1.325893,0.7204,-9.694632,Fe-0.15_Xx3-0.85
300,69.43,21.949,1.696,0.538,15.660156,1.384,19.012,0.070704,0.872738,0.6394,-13.433612,Fe-0.15_Xx3-0.85
400,69.48,21.949,1.696,0.54,20.865004,1.426,15.262,0.084597,0.651157,0.5974,-17.148967,Fe-0.15_Xx3-0.85
500,69.53,21.949,1.695,0.541,26.061967,1.433,12.729,0.091802,0.519661,0.573,-20.852242,Fe-0.15_Xx3-0.85
600,69.58,21.95,1.695,0.542,31.251177,1.445,10.899,0.097741,0.43271,0.5577,-24.548635,Fe-0.15_Xx3-0.85
700,69.63,21.95,1.695,0.542,36.432721,1.454,9.517,0.102033,0.371064,0.5474,-28.240922,Fe-0.15_Xx3-0.85
800,69.69,21.95,1.695,0.541,41.606662,1.463,8.44,0.105649,0.325177,0.5401,-31.930598,Fe-0.15_Xx3-0.85
900,69.74,21.95,1.695,0.54,46.773066,1.468,7.577,0.108007,0.289795,0.5348,-35.618533,Fe-0.15_Xx3-0.85
1000,69.79,21.951,1.695,0.539,51.932021,1.477,6.87,0.110756,0.261751,0.5308,-39.305426,Fe-0.15_Xx3-0.85
3000,70.84,21.954,1.693,0.539,153.399556,1.912,2.385,0.195716,0.087684,0.5096,-42.9443,Fe-0.15_Xx3-0.85
6000,72.41,21.953,1.693,0.539,300.713833,1.756,1.168,0.156176,0.044163,0.5203,-46.663661,Fe-0.15_Xx3-0.85
9000,73.97,21.943,1.699,0.539,445.20173,1.78,0.791,0.162751,0.029653,0.5118,-50.45852,Fe-0.15_Xx3-0.85
12000,75.54,21.942,1.699,0.539,587.657756,1.867,0.61,0.185718,0.022396,0.4977,-54.28187,Fe-0.15_Xx3-0.85
15000,77.11,21.958,1.69,0.539,725.376061,1.974,0.502,0.214441,0.01804,0.4844,-58.118648,Fe-0.15_Xx3-0.85
18000,78.68,21.988,1.673,0.539,851.511638,2.076,0.43,0.243491,0.015134,0.4704,-61.966819,Fe-0.15_Xx3-0.85
21000,80.24,22.029,1.652,0.539,957.711231,2.171,0.381,0.270434,0.013058,0.4555,-65.827064,Fe-0.15_Xx3-0.85
24000,81.81,22.079,1.641,0.539,1037.829747,1.622,0.345,0.15136,0.0115,0.44,-69.70268,Fe-0.15_Xx3-0.85
27000,83.38,22.136,1.65,0.539,1089.626127,1.888,0.318,0.202845,0.010287,0.4243,-73.596271,Fe-0.15_Xx3-0.85
30000,84.95,22.199,1.684,0.539,1114.387261,2.007,0.297,0.22394,0.009316,0.4085,-77.509358,Fe-0.15_Xx3-0.85
100,69.36,21.947,1.701,0.508,5.226304,1.431,45.702,0.050414,2.77522,0.798,-5.965373,Fe-0.1_Xx3-0.9
200,69.39,21.948,1.7,0.532,10.446397,1.423,27.454,0.069871,1.314568,0.6642,-9.726686,Fe-0.1_Xx3-0.9
300,69.44,21.949,1.7,0.538,15.658481,1.401,19.712,0.077312,0.864616,0.6167,-13.445556,Fe-0.1_Xx3-0.9
400,69.49,21.95,1.699,0.541,20.862536,1.426,15.625,0.088065,0.644425,0.5835,-17.15648,Fe-0.1_Xx3-0.9
500,69.55,21.95,1.699,0.542,26.058634,1.445,12.914,0.09568,0.513746,0.5648,-20.857036,Fe-0.1_Xx3-0.9
600,69.6,21.95,1.699,0.543,31.246867,1.438,10.991,0.098117,0.42734,0.553,-24.551598,Fe-0.1_Xx3-0.9
700,69.65,21.951,1.699,0.543,36.427292,1.459,9.58,0.103966,0.366118,0.5438,-28.243426,Fe-0.1_Xx3-0.9
800,69.71,21.951,1.699,0.543,41.599946,1.476,8.499,0.108743,0.32058,0.5364,-31.933392,Fe-0.1_Xx3-0.9
900,69.76,21.951,1.698,0.542,46.764889,1.47,7.637,0.10976,0.285492,0.5306,-35.621873,Fe-0.1_Xx3-0.9
1000,69.81,21.951,1.698,0.541,51.922208,1.486,6.929,0.11372,0.257663,0.5263,-39.309124,Fe-0.1_Xx3-0.9
3000,70.87,21.955,1.696,0.541,153.331503,1.888,2.405,0.193231,0.08632,0.5055,-42.946994,Fe-0.1_Xx3-0.9
6000,72.46,21.953,1.697,0.541,300.533617,1.748,1.172,0.155544,0.04348,0.5184,-46.667357,Fe-0.1_Xx3-0.9
9000,74.05,21.942,1.703,0.541,444.885379,1.777,0.793,0.162741,0.029197,0.5106,-50.463698,Fe-0.1_Xx3-0.9
12000,75.64,21.943,1.703,0.541,587.163649,1.866,0.612,0.18611,0.022054,0.4966,-54.288538,Fe-0.1_Xx3-0.9
15000,77.23,21.959,1.694,0.541,724.639022,1.973,0.503,0.214787,0.017766,0.4834,-58.126608,Fe-0.1_Xx3-0.9
18000,78.82,21.99,1.676,0.541,850.431186,2.077,0.431,0.244261,0.014906,0.4695,-61.976218,Fe-0.1_Xx3-0.9
21000,80.41,22.032,1.656,0.541,956.16863,2.171,0.382,0.270818,0.012862,0.4546,-65.838692,Fe-0.1_Xx3-0.9
24000,82.0,22.083,1.649,0.541,1035.722799,1.617,0.345,0.150614,0.011328,0.4392,-69.717222,Fe-0.1_Xx3-0.9
27000,83.59,22.141,1.662,0.541,1086.896951,1.883,0.318,0.201896,0.010134,0.4235,-73.61409,Fe-0.1_Xx3-0.9
30000,85.18,22.204,1.703,0.541,1111.032284,1.994,0.298,0.221205,0.009178,0.4077,-77.531375,Fe-0.1_Xx3-0.9
100,71.22,21.123,2.449,2.238,3.963946,1.607,9.209,0.001277,0.081346,3.9602,-5.869553,Fe
200,71.35,21.124,2.453,2.229,7.914026,1.545,3.571,0.000603,0.041037,5.1064,-9.327552,Fe
300,71.5,21.124,2.454,2.182,11.846171,1.544,2.341,0.000574,0.028666,5.1937,-12.975738,Fe
400,71.66,21.124,2.456,2.14,15.760885,1.553,1.798,0.000618,0.022441,5.0699,-16.663971,Fe
500,71.83,21.125,2.457,2.105,19.658947,1.548,1.484,0.000667,0.018633,4.9139,-20.36797,Fe
600,71.99,21.125,2.458,2.074,23.541156,1.544,1.28,0.000724,0.01604,4.7495,-24.082804,Fe
700,72.16,21.125,2.459,2.047,27.408212,1.55,1.133,0.000793,0.014159,4.5977,-27.802597,Fe
800,72.33,21.126,2.46,2.022,31.260694,1.554,1.02,0.000857,0.012741,4.4707,-31.523157,Fe
900,72.49,21.126,2.46,2.0,35.099085,1.549,0.927,0.000902,0.011609,4.3717,-35.24231,Fe
1000,72.66,21.126,2.461,1.98,38.923808,1.557,0.848,0.00095,0.010684,4.2998,-38.959043,Fe
3000,76.01,21.116,2.418,1.98,113.016192,2.257,0.262,0.001578,0.003615,4.6429,-42.285631,Fe
6000,81.03,21.103,2.348,1.98,216.075645,2.338,0.13,0.00158,0.001847,4.6846,-45.905339,Fe
9000,86.05,21.092,2.285,1.98,309.647283,2.416,0.095,0.002054,0.001256,4.2739,-49.787938,Fe
12000,91.07,21.083,2.228,1.98,395.127355,2.507,0.079,0.002827,0.00096,3.8241,-53.782421,Fe
15000,96.1,21.081,2.214,1.98,471.438491,2.606,0.07,0.003691,0.000782,3.4881,-57.835695,Fe
18000,101.12,21.09,2.273,1.98,534.698628,2.699,0.062,0.004445,0.000663,3.2608,-61.930845,Fe
21000,106.14,21.111,2.395,1.98,581.057638,2.801,0.056,0.005089,0.000577,3.0939,-66.064395,Fe
24000,111.16,21.143,2.517,1.98,608.929908,1.624,0.051,0.001761,0.000513,2.9536,-70.227564,Fe
27000,116.18,21.184,2.521,1.98,619.246077,1.86,0.048,0.002336,0.000463,2.8243,-74.402337,Fe
30000,121.21,21.232,2.296,1.98,614.59491,2.093,0.045,0.00295,0.000422,2.7007,-78.568689,Fe
100,70.0,21.843,1.767,0.683,5.146281,1.788,16.22,0.008428,1.574168,2.2485,-5.593935,Ni-0.05_Xx3-0.95
200,70.05,21.844,1.767,0.691,10.284981,1.828,11.945,0.021433,0.771396,1.5266,-9.456258,Ni-0.05_Xx3-0.95
300,70.11,21.844,1.767,0.695,15.414284,1.838,8.821,0.027061,0.50877,1.3781,-13.193399,Ni-0.05_Xx3-0.95
400,70.18,21.844,1.767,0.699,20.534017,1.871,6.988,0.031507,0.378538,1.3047,-16.910754,Ni-0.05_Xx3-0.95
500,70.24,21.844,1.767,0.701,25.644108,1.867,5.903,0.035211,0.301145,1.2356,-20.629009,Ni-0.05_Xx3-0.95
600,70.31,21.844,1.766,0.702,30.744647,1.829,5.164,0.037352,0.250173,1.1771,-24.345655,Ni-0.05_Xx3-0.95
700,70.38,21.844,1.766,0.703,35.835834,1.813,4.598,0.0397,0.214344,1.133,-28.058749,Ni-0.05_Xx3-0.95
800,70.44,21.845,1.766,0.702,40.917933,1.817,4.143,0.042306,0.187989,1.1002,-31.768932,Ni-0.05_Xx3-0.95
900,70.51,21.845,1.766,0.7,45.991281,1.822,3.77,0.044578,0.168007,1.0748,-35.477391,Ni-0.05_Xx3-0.95
1000,70.58,21.846,1.765,0.697,51.056284,1.813,3.46,0.045884,0.152334,1.0541,-39.185012,Ni-0.05_Xx3-0.95
3000,71.86,21.855,1.759,0.697,150.39952,2.128,1.35,0.084774,0.051085,0.9007,-42.977943,Ni-0.05_Xx3-0.95
6000,73.8,21.86,1.754,0.697,293.008929,2.051,0.744,0.092536,0.025769,0.8173,-46.732273,Ni-0.05_Xx3-0.95
9000,75.73,21.855,1.759,0.697,430.426844,1.929,0.528,0.090333,0.017328,0.7671,-50.537699,Ni-0.05_Xx3-0.95
12000,77.66,21.85,1.762,0.697,563.896831,1.922,0.412,0.094713,0.013106,0.7375,-54.373954,Ni-0.05_Xx3-0.95
15000,79.59,21.855,1.759,0.697,691.72375,1.981,0.341,0.10532,0.010571,0.7121,-58.231979,Ni-0.05_Xx3-0.95
18000,81.53,21.869,1.747,0.697,808.685212,2.058,0.295,0.118535,0.00888,0.686,-62.108238,Ni-0.05_Xx3-0.95
21000,83.46,21.893,1.726,0.697,908.031861,2.137,0.263,0.132187,0.007671,0.6593,-66.000263,Ni-0.05_Xx3-0.95
24000,85.39,21.925,1.694,0.697,984.526462,1.724,0.24,0.087831,0.006764,0.6325,-69.906538,Ni-0.05_Xx3-0.95
27000,87.32,21.963,1.654,0.697,1035.988445,1.975,0.223,0.116129,0.006057,0.6062,-73.826834,Ni-0.05_Xx3-0.95
30000,89.26,22.006,1.615,0.697,1063.152412,2.175,0.209,0.140374,0.005491,0.5804,-77.763958,Ni-0.05_Xx3-0.95
100,70.31,21.767,1.793,0.789,5.111915,2.259,17.954,0.016995,1.092123,2.0313,-5.715853,Ni-0.0_Xx3-1.0
200,70.37,21.767,1.793,0.775,10.215553,2.366,11.186,0.030817,0.565002,1.6301,-9.50877,Ni-0.0_Xx3-1.0
300,70.44,21.767,1.793,0.768,15.308729,2.344,8.222,0.037537,0.382971,1.4785,-13.249634,Ni-0.0_Xx3-1.0
400,70.51,21.767,1.793,0.763,20.391497,2.35,6.371,0.040448,0.290914,1.4311,-16.961105,Ni-0.0_Xx3-1.0
500,70.58,21.767,1.793,0.757,25.464248,2.35,5.168,0.04166,0.235748,1.4113,-20.664283,Ni-0.0_Xx3-1.0
600,70.65,21.767,1.793,0.752,30.527482,2.339,4.354,0.042205,0.199374,1.3961,-24.367297,Ni-0.0_Xx3-1.0
700,70.72,21.767,1.793,0.745,35.581773,2.343,3.776,0.043419,0.173878,1.3796,-28.072353,Ni-0.0_Xx3-1.0
800,70.78,21.767,1.792,0.736,40.62778,2.341,3.348,0.044534,0.155299,1.3617,-31.779425,Ni-0.0_Xx3-1.0
900,70.85,21.768,1.792,0.727,45.666227,2.351,3.016,0.046192,0.141299,1.3435,-35.487991,Ni-0.0_Xx3-1.0
1000,70.91,21.768,1.792,0.717,50.697864,2.343,2.751,0.047212,0.130405,1.3255,-39.197709,Ni-0.0_Xx3-1.0
3000,72.1,21.774,1.788,0.717,149.534367,1.96,1.084,0.04616,0.043711,1.1211,-43.0155,Ni-0.0_Xx3-1.0
6000,73.9,21.777,1.786,0.717,291.912322,1.983,0.607,0.0579,0.022035,1.0018,-46.777567,Ni-0.0_Xx3-1.0
9000,75.69,21.772,1.789,0.717,429.388447,1.944,0.434,0.062642,0.014808,0.9345,-50.580789,Ni-0.0_Xx3-1.0
12000,77.48,21.768,1.792,0.717,563.132334,1.86,0.339,0.061233,0.011193,0.8963,-54.413284,Ni-0.0_Xx3-1.0
15000,79.28,21.772,1.789,0.717,691.560223,1.812,0.281,0.061229,0.009023,0.8642,-58.267264,Ni-0.0_Xx3-1.0
18000,81.07,21.784,1.781,0.717,809.599253,1.788,0.244,0.062642,0.007575,0.8314,-62.139321,Ni-0.0_Xx3-1.0
21000,82.86,21.805,1.767,0.717,910.594791,1.778,0.217,0.06454,0.006541,0.798,-66.02729,Ni-0.0_Xx3-1.0
24000,84.66,21.833,1.749,0.717,989.276065,2.301,0.199,0.111331,0.005764,0.7647,-69.930226,Ni-0.0_Xx3-1.0
27000,86.45,21.868,1.726,0.717,1043.309966,2.036,0.184,0.088589,0.00516,0.732,-73.84727,Ni-0.0_Xx3-1.0
30000,88.24,21.907,1.692,0.717,1073.216988,1.906,0.173,0.077974,0.004676,0.7001,-77.776939,Ni-0.0_Xx3-1.0
100,69.58,21.957,1.668,0.642,5.187862,1.351,41.312,0.036774,1.778838,0.8828,-5.835955,Ni-0.15_Xx3-0.85
200,69.63,21.956,1.668,0.661,10.369146,1.313,26.466,0.055246,0.848897,0.689,-9.635876,Ni-0.15_Xx3-0.85
300,69.69,21.956,1.668,0.665,15.541751,1.327,19.444,0.067128,0.560644,0.6252,-13.379194,Ni-0.15_Xx3-0.85
400,69.75,21.955,1.669,0.665,20.705706,1.342,15.357,0.075162,0.42023,0.5937,-17.097763,Ni-0.15_Xx3-0.85
500,69.81,21.954,1.669,0.663,25.861213,1.336,12.558,0.077349,0.337769,0.5808,-20.799734,Ni-0.15_Xx3-0.85
600,69.87,21.954,1.67,0.66,31.008623,1.345,10.608,0.080217,0.284054,0.573,-24.496226,Ni-0.15_Xx3-0.85
700,69.93,21.953,1.67,0.654,36.148435,1.349,9.205,0.082284,0.246713,0.566,-28.191572,Ni-0.15_Xx3-0.85
800,69.99,21.953,1.67,0.648,41.281243,1.357,8.142,0.084808,0.219548,0.5599,-31.886273,Ni-0.15_Xx3-0.85
900,70.05,21.953,1.67,0.64,46.407683,1.371,7.296,0.087714,0.199103,0.5554,-35.580032,Ni-0.15_Xx3-0.85
1000,70.1,21.953,1.67,0.631,51.52838,1.38,6.598,0.089588,0.183129,0.5527,-39.272775,Ni-0.15_Xx3-0.85
3000,71.15,21.957,1.667,0.631,152.306388,2.123,2.127,0.19717,0.061347,0.5714,-42.928899,Ni-0.15_Xx3-0.85
6000,72.73,21.964,1.664,0.631,298.194936,1.904,1.114,0.168097,0.030898,0.5454,-46.659773,Ni-0.15_Xx3-0.85
9000,74.31,21.956,1.668,0.631,440.576499,1.83,0.773,0.163744,0.020747,0.524,-50.454278,Ni-0.15_Xx3-0.85
12000,75.88,21.951,1.671,0.631,580.495941,1.879,0.597,0.179202,0.015669,0.5088,-54.277174,Ni-0.15_Xx3-0.85
15000,77.46,21.959,1.666,0.631,715.721779,1.974,0.491,0.203937,0.012622,0.4953,-58.116068,Ni-0.15_Xx3-0.85
18000,79.04,21.98,1.655,0.631,840.190599,2.066,0.421,0.229712,0.010589,0.4806,-61.968878,Ni-0.15_Xx3-0.85
21000,80.61,22.011,1.644,0.631,946.243503,2.153,0.373,0.254401,0.009136,0.4648,-65.835329,Ni-0.15_Xx3-0.85
24000,82.19,22.05,1.631,0.631,1027.990645,1.618,0.338,0.144696,0.008046,0.4483,-69.714677,Ni-0.15_Xx3-0.85
27000,83.76,22.097,1.609,0.631,1082.984731,1.943,0.312,0.207843,0.007197,0.4315,-73.604969,Ni-0.15_Xx3-0.85
30000,85.34,22.148,1.582,0.631,1112.023007,2.133,0.292,0.246482,0.006518,0.4147,-77.50694,Ni-0.15_Xx3-0.85
100,69.77,21.907,1.716,0.668,5.169396,1.687,16.222,0.007537,1.627809,2.2482,-5.536473,Ni-0.1_Xx3-0.9
200,69.82,21.907,1.717,0.684,10.33174,1.585,16.432,0.031947,0.78359,1.1097,-9.536341,Ni-0.1_Xx3-0.9
300,69.88,21.907,1.717,0.687,15.484992,1.56,14.168,0.05155,0.51862,0.858,-13.338059,Ni-0.1_Xx3-0.9
400,69.95,21.907,1.717,0.687,20.629039,1.581,11.976,0.066365,0.389103,0.7613,-17.080145,Ni-0.1_Xx3-0.9
500,70.01,21.907,1.717,0.685,25.764002,1.563,10.052,0.070781,0.312922,0.7256,-20.791327,Ni-0.1_Xx3-0.9
600,70.07,21.907,1.716,0.681,30.890273,1.572,8.506,0.073641,0.263271,0.7146,-24.488869,Ni-0.1_Xx3-0.9
700,70.13,21.908,1.716,0.676,36.008438,1.579,7.297,0.074348,0.228717,0.714,-28.180865,Ni-0.1_Xx3-0.9
800,70.19,21.908,1.715,0.669,41.119163,1.585,6.352,0.074086,0.203571,0.7177,-31.871031,Ni-0.1_Xx3-0.9
900,70.25,21.909,1.715,0.661,46.223138,1.568,5.605,0.071571,0.18469,0.7229,-35.561116,Ni-0.1_Xx3-0.9
1000,70.31,21.909,1.714,0.652,51.321028,1.566,5.009,0.070401,0.169889,0.728,-39.252079,Ni-0.1_Xx3-0.9
3000,71.39,21.917,1.705,0.652,151.615022,2.126,1.671,0.127936,0.056919,0.7274,-42.949031,Ni-0.1_Xx3-0.9
6000,73.02,21.924,1.698,0.652,296.5837,1.994,0.9,0.126062,0.028674,0.6754,-46.687814,Ni-0.1_Xx3-0.9
9000,74.65,21.918,1.705,0.652,437.614678,1.873,0.633,0.120499,0.019257,0.6399,-50.484805,Ni-0.1_Xx3-0.9
12000,76.27,21.913,1.71,0.652,575.824799,1.897,0.492,0.129823,0.014547,0.6177,-54.309886,Ni-0.1_Xx3-0.9
15000,77.9,21.919,1.704,0.652,709.197181,1.973,0.406,0.146222,0.01172,0.5985,-58.151446,Ni-0.1_Xx3-0.9
18000,79.53,21.936,1.685,0.652,832.005144,2.061,0.35,0.165583,0.009834,0.5784,-62.006507,Ni-0.1_Xx3-0.9
21000,81.16,21.964,1.659,0.652,936.917878,2.145,0.311,0.18451,0.008486,0.5573,-65.874498,Ni-0.1_Xx3-0.9
24000,82.79,21.999,1.634,0.652,1018.223063,1.65,0.283,0.110921,0.007475,0.536,-69.756629,Ni-0.1_Xx3-0.9
27000,84.41,22.041,1.617,0.652,1073.470585,1.958,0.262,0.156737,0.006688,0.5147,-73.654744,Ni-0.1_Xx3-0.9
30000,86.04,22.088,1.603,0.652,1103.325624,2.165,0.246,0.189818,0.006057,0.4937,-77.567386,Ni-0.1_Xx3-0.9
100,73.53,19.803,3.604,0.55,4.437578,1.021,95.546,0.077239,0.602289,0.3817,-6.104402,Ni
200,73.59,19.804,3.598,0.567,8.868333,1.009,59.013,0.103606,0.289623,0.309,-9.948056,Ni
300,73.66,19.805,3.589,0.571,13.290641,0.993,41.419,0.108088,0.191282,0.2935,-13.723825,Ni
400,73.74,19.806,3.581,0.571,17.705258,0.993,31.935,0.112382,0.143319,0.2855,-17.491625,Ni
500,73.82,19.806,3.573,0.57,22.113077,0.999,26.209,0.117926,0.115192,0.2783,-21.259987,Ni
600,73.89,19.807,3.563,0.566,26.515101,1.004,22.454,0.123927,0.096922,0.2707,-25.030438,Ni
700,73.97,19.808,3.552,0.56,30.912474,1.021,19.802,0.133282,0.084246,0.2631,-28.801956,Ni
800,74.04,19.81,3.541,0.553,35.306423,1.029,17.821,0.140908,0.075044,0.2558,-32.573673,Ni
900,74.11,19.811,3.528,0.544,39.698192,1.032,16.287,0.147239,0.068143,0.2488,-36.345287,Ni
1000,74.17,19.812,3.515,0.534,44.088979,1.028,15.039,0.151162,0.062733,0.2425,-40.11587,Ni
3000,75.41,19.849,3.051,0.534,131.706822,1.415,6.535,0.408401,0.021027,0.186,-44.189863,Ni
6000,77.28,19.937,1.727,0.534,263.529437,1.582,3.753,0.611193,0.0106,0.1618,-47.938079,Ni
9000,79.15,20.046,0.679,0.534,396.471568,1.646,2.609,0.700706,0.007123,0.1543,-51.427171,Ni
12000,81.01,20.166,0.455,0.534,529.553319,1.733,1.948,0.776077,0.005384,0.1534,-55.129263,Ni
15000,82.88,20.295,0.343,0.534,657.061588,1.835,1.5,0.826695,0.00434,0.1568,-58.882356,Ni
18000,84.74,20.429,0.385,0.534,767.461366,1.925,1.21,0.849175,0.003643,0.162,-62.818858,Ni
21000,86.61,20.567,0.349,0.534,849.275636,1.999,0.993,0.824271,0.003146,0.1672,-66.67538,Ni
24000,88.47,20.709,0.301,0.534,896.914916,0.937,0.832,0.159199,0.002772,0.1713,-70.52548,Ni
27000,90.34,20.853,0.345,0.534,911.59982,1.014,0.733,0.166199,0.002481,0.1736,-74.516449,Ni
30000,92.2,20.998,0.314,0.534,899.029357,1.22,0.646,0.209253,0.002248,0.1739,-78.425799,Ni
